avg_move_rank,rank_0_ratio,rank_1_ratio,rank_0_or_1_ratio,rank_variance,game_length,label
15.195652173913043,0.043478260869565216,0.021739130434782608,0.06521739130434782,102.56086956521739,46.0,0
0.3125,0.6875,0.3125,1.0,0.22916666666666666,16.0,1
14.431372549019608,0.058823529411764705,0.058823529411764705,0.11764705882352941,99.65019607843138,51.0,0
10.987341772151899,0.08860759493670886,0.0759493670886076,0.16455696202531644,103.24342745861733,79.0,0
10.2,0.0625,0.125,0.1875,76.97215189873418,80.0,0
10.69811320754717,0.07547169811320754,0.018867924528301886,0.09433962264150944,47.25326560232221,53.0,0
17.76388888888889,0.05555555555555555,0.027777777777777776,0.08333333333333333,127.90121283255085,72.0,0
10.295081967213115,0.10655737704918032,0.05737704918032787,0.16393442622950818,80.95352933206883,122.0,0
17.28358208955224,0.07462686567164178,0.05970149253731343,0.13432835820895522,157.38805970149255,67.0,0
0.46875,0.53125,0.46875,1.0,0.25297619047619047,64.0,1
13.75,0.10416666666666667,0.0625,0.16666666666666666,126.21052631578948,96.0,0
15.776119402985074,0.029850746268656716,0.04477611940298507,0.07462686567164178,103.63093622795115,67.0,0
0.4166666666666667,0.5833333333333334,0.4166666666666667,1.0,0.2536231884057971,24.0,1
0.5,0.5,0.5,1.0,0.25396825396825395,64.0,1
0.5,0.5,0.5,1.0,0.2857142857142857,8.0,1
9.513513513513514,0.10135135135135136,0.0472972972972973,0.14864864864864866,73.48961206104063,148.0,0
14.204081632653061,0.12244897959183673,0.061224489795918366,0.1836734693877551,136.57647801388597,98.0,0
9.97841726618705,0.1366906474820144,0.07194244604316546,0.20863309352517986,92.93431341883016,139.0,0
12.493150684931507,0.0547945205479452,0.0547945205479452,0.1095890410958904,111.1978691019787,73.0,0
17.164948453608247,0.030927835051546393,0.030927835051546393,0.061855670103092786,135.57667525773195,97.0,0
15.35593220338983,0.01694915254237288,0.03389830508474576,0.05084745762711865,115.99181765049678,59.0,0
0.44642857142857145,0.5535714285714286,0.44642857142857145,1.0,0.25162337662337664,56.0,1
0.44642857142857145,0.5535714285714286,0.44642857142857145,1.0,0.25162337662337664,56.0,1
14.046153846153846,0.03076923076923077,0.03076923076923077,0.06153846153846154,69.16971153846154,65.0,0
0.5,0.5,0.5,1.0,0.26666666666666666,16.0,1
0.625,0.375,0.625,1.0,0.26785714285714285,8.0,1
18.862068965517242,0.04597701149425287,0.05747126436781609,0.10344827586206896,163.93424218123496,87.0,0
0.5,0.5,0.5,1.0,0.26666666666666666,16.0,1
0.45,0.55,0.45,1.0,0.25384615384615383,40.0,1
0.5,0.5,0.5,1.0,0.2564102564102564,40.0,1
14.885714285714286,0.0,0.05714285714285714,0.05714285714285714,74.39831932773109,35.0,0
0.546875,0.453125,0.546875,1.0,0.2517361111111111,64.0,1
17.068181818181817,0.022727272727272728,0.022727272727272728,0.045454545454545456,97.85736677115987,88.0,0
0.46875,0.53125,0.46875,1.0,0.25705645161290325,32.0,1
17.48780487804878,0.04878048780487805,0.024390243902439025,0.07317073170731707,97.60609756097561,41.0,0
13.11111111111111,0.037037037037037035,0.09876543209876543,0.13580246913580246,75.7,81.0,0
0.625,0.375,0.625,1.0,0.26785714285714285,8.0,1
18.026315789473685,0.02631578947368421,0.0,0.02631578947368421,129.8641536273115,38.0,0
11.881578947368421,0.10526315789473684,0.039473684210526314,0.14473684210526316,84.21245614035088,76.0,0
0.5416666666666666,0.4583333333333333,0.5416666666666666,1.0,0.25905797101449274,24.0,1
17.390625,0.03125,0.015625,0.046875,96.4640376984127,64.0,0
0.45,0.55,0.45,1.0,0.25384615384615383,40.0,1
0.375,0.625,0.375,1.0,0.26785714285714285,8.0,1
17.633333333333333,0.0,0.03333333333333333,0.03333333333333333,73.61954022988506,30.0,0
0.5,0.5,0.5,1.0,0.2608695652173913,24.0,1
14.476190476190476,0.06349206349206349,0.07936507936507936,0.14285714285714285,111.93087557603687,63.0,0
0.35,0.65,0.35,1.0,0.23333333333333334,40.0,1
17.40506329113924,0.02531645569620253,0.012658227848101266,0.0379746835443038,105.91074326517365,79.0,0
0.4166666666666667,0.5833333333333334,0.4166666666666667,1.0,0.2536231884057971,24.0,1
10.375,0.0,0.0,0.0,26.839285714285715,8.0,0
0.5,0.5,0.5,1.0,0.25396825396825395,64.0,1
19.721311475409838,0.04918032786885246,0.0,0.04918032786885246,122.97103825136612,61.0,0
0.46875,0.53125,0.46875,1.0,0.25705645161290325,32.0,1
11.467153284671532,0.072992700729927,0.08759124087591241,0.16058394160583941,84.28016316015457,137.0,0
0.46875,0.53125,0.46875,1.0,0.25705645161290325,32.0,1
14.81081081081081,0.0945945945945946,0.04054054054054054,0.13513513513513514,143.90892262125138,74.0,0
0.5,0.5,0.5,1.0,0.26666666666666666,16.0,1
0.453125,0.546875,0.453125,1.0,0.2517361111111111,64.0,1
13.168539325842696,0.033707865168539325,0.0449438202247191,0.07865168539325842,93.91445352400409,89.0,0
13.792792792792794,0.07207207207207207,0.05405405405405406,0.12612612612612611,112.71122031122032,111.0,0
0.55,0.45,0.55,1.0,0.25384615384615383,40.0,1
0.4166666666666667,0.5833333333333334,0.4166666666666667,1.0,0.2536231884057971,24.0,1
18.372881355932204,0.1016949152542373,0.01694915254237288,0.11864406779661017,162.47925189947398,59.0,0
15.533333333333333,0.0,0.0,0.0,125.98095238095237,15.0,0
15.975,0.0,0.05,0.05,77.10192307692307,40.0,0
19.51063829787234,0.02127659574468085,0.0,0.02127659574468085,144.38575393154485,47.0,0
17.5,0.0,0.0,0.0,100.57692307692308,14.0,0
16.803030303030305,0.045454545454545456,0.030303030303030304,0.07575757575757576,136.31445221445222,66.0,0
0.5,0.5,0.5,1.0,0.25806451612903225,32.0,1
16.410714285714285,0.03571428571428571,0.0,0.03571428571428571,103.66461038961039,56.0,0
13.926470588235293,0.029411764705882353,0.07352941176470588,0.10294117647058823,105.44227392449517,68.0,0
17.311475409836067,0.09836065573770492,0.0,0.09836065573770492,126.81803278688524,61.0,0
0.48214285714285715,0.5178571428571429,0.48214285714285715,1.0,0.25422077922077924,56.0,1
0.5625,0.4375,0.5625,1.0,0.25,64.0,1
0.5,0.5,0.5,1.0,0.2608695652173913,24.0,1
15.607142857142858,0.07142857142857142,0.0,0.07142857142857142,111.95194805194805,56.0,0
17.322580645161292,0.03225806451612903,0.08064516129032258,0.11290322580645161,149.79587519830778,62.0,0
0.4375,0.5625,0.4375,1.0,0.2625,16.0,1
0.5416666666666666,0.4583333333333333,0.5416666666666666,1.0,0.25354609929078015,48.0,1
14.142857142857142,0.10714285714285714,0.03571428571428571,0.14285714285714285,130.42328042328043,28.0,0
13.094827586206897,0.05172413793103448,0.05172413793103448,0.10344827586206896,91.16484257871065,116.0,0
18.072727272727274,0.01818181818181818,0.0,0.01818181818181818,115.51313131313131,55.0,0
0.4583333333333333,0.5416666666666666,0.4583333333333333,1.0,0.25905797101449274,24.0,1
9.072164948453608,0.07216494845360824,0.08247422680412371,0.15463917525773196,74.23432130584193,97.0,0
17.2,0.0,0.022222222222222223,0.022222222222222223,108.43636363636364,45.0,0
14.793650793650794,0.015873015873015872,0.07936507936507936,0.09523809523809523,90.65028161802356,63.0,0
11.827868852459016,0.11475409836065574,0.05737704918032787,0.1721311475409836,87.97839046199702,122.0,0
12.472727272727273,0.12727272727272726,0.05454545454545454,0.18181818181818182,115.26071726438698,110.0,0
13.734177215189874,0.0,0.08860759493670886,0.08860759493670886,90.63356053229471,79.0,0
11.355555555555556,0.1,0.044444444444444446,0.14444444444444443,95.10811485642947,90.0,0
0.4791666666666667,0.5208333333333334,0.4791666666666667,1.0,0.2548758865248227,48.0,1
9.098484848484848,0.11363636363636363,0.07575757575757576,0.1893939393939394,65.37190608373814,132.0,0
0.5,0.5,0.5,1.0,0.2857142857142857,8.0,1
17.26086956521739,0.0,0.043478260869565216,0.043478260869565216,117.57487922705315,46.0,0
13.954545454545455,0.045454545454545456,0.0,0.045454545454545456,46.616883116883116,22.0,0
13.781818181818181,0.03636363636363636,0.05454545454545454,0.09090909090909091,89.3959595959596,55.0,0
0.4583333333333333,0.5416666666666666,0.4583333333333333,1.0,0.25354609929078015,48.0,1
10.571428571428571,0.07142857142857142,0.05952380952380952,0.13095238095238096,68.6815834767642,84.0,0
13.847222222222221,0.09722222222222222,0.06944444444444445,0.16666666666666666,123.11717527386541,72.0,0
12.5,0.046875,0.09375,0.140625,110.22222222222223,64.0,0
0.4583333333333333,0.5416666666666666,0.4583333333333333,1.0,0.25354609929078015,48.0,1
0.484375,0.515625,0.484375,1.0,0.2537202380952381,64.0,1
14.294117647058824,0.0,0.058823529411764705,0.058823529411764705,75.22058823529412,17.0,0
0.5416666666666666,0.4583333333333333,0.5416666666666666,1.0,0.25905797101449274,24.0,1
10.033333333333333,0.14444444444444443,0.1,0.24444444444444444,89.2685393258427,90.0,0
10.125,0.0625,0.0625,0.125,66.51666666666667,16.0,0
0.5416666666666666,0.4583333333333333,0.5416666666666666,1.0,0.25905797101449274,24.0,1
11.348214285714286,0.0625,0.07142857142857142,0.13392857142857142,74.44522200772201,112.0,0
0.4375,0.5625,0.4375,1.0,0.25,64.0,1
0.46875,0.53125,0.46875,1.0,0.25297619047619047,64.0,1
0.44642857142857145,0.5535714285714286,0.44642857142857145,1.0,0.25162337662337664,56.0,1
13.327868852459016,0.03278688524590164,0.03278688524590164,0.06557377049180328,72.59071038251366,61.0,0
0.5,0.5,0.5,1.0,0.2857142857142857,8.0,1
18.071428571428573,0.03571428571428571,0.05357142857142857,0.08928571428571429,159.63116883116882,56.0,0
8.142857142857142,0.047619047619047616,0.047619047619047616,0.09523809523809523,29.928571428571427,21.0,0
16.708333333333332,0.0,0.0,0.0,58.82427536231884,24.0,0
0.4583333333333333,0.5416666666666666,0.4583333333333333,1.0,0.25905797101449274,24.0,1
16.586206896551722,0.0,0.034482758620689655,0.034482758620689655,93.82266009852216,29.0,0
0.44642857142857145,0.5535714285714286,0.44642857142857145,1.0,0.25162337662337664,56.0,1
0.4375,0.5625,0.4375,1.0,0.25132978723404253,48.0,1
0.375,0.625,0.375,1.0,0.25,16.0,1
14.285714285714286,0.0,0.0,0.0,72.9047619047619,7.0,0
14.82258064516129,0.016129032258064516,0.03225806451612903,0.04838709677419355,100.24669487043892,62.0,0
0.4583333333333333,0.5416666666666666,0.4583333333333333,1.0,0.25354609929078015,48.0,1
13.146341463414634,0.024390243902439025,0.0,0.024390243902439025,74.27804878048781,41.0,0
0.5416666666666666,0.4583333333333333,0.5416666666666666,1.0,0.25905797101449274,24.0,1
0.5,0.5,0.5,1.0,0.2564102564102564,40.0,1
0.546875,0.453125,0.546875,1.0,0.2517361111111111,64.0,1
0.5625,0.4375,0.5625,1.0,0.2625,16.0,1
18.82758620689655,0.034482758620689655,0.0,0.034482758620689655,99.2192118226601,29.0,0
14.947368421052632,0.0,0.017543859649122806,0.017543859649122806,89.94360902255639,57.0,0
13.189655172413794,0.10344827586206896,0.017241379310344827,0.1206896551724138,101.80550514216576,58.0,0
0.4583333333333333,0.5416666666666666,0.4583333333333333,1.0,0.25905797101449274,24.0,1
15.109375,0.046875,0.015625,0.0625,108.95610119047619,64.0,0
14.027397260273972,0.0958904109589041,0.0410958904109589,0.136986301369863,104.63812785388127,73.0,0
0.5208333333333334,0.4791666666666667,0.5208333333333334,1.0,0.2548758865248227,48.0,1
15.046511627906977,0.08139534883720931,0.023255813953488372,0.10465116279069768,101.50369357045143,86.0,0
0.375,0.625,0.375,1.0,0.2403846153846154,40.0,1
0.375,0.625,0.375,1.0,0.25,16.0,1
0.375,0.625,0.375,1.0,0.26785714285714285,8.0,1
10.948051948051948,0.06493506493506493,0.11688311688311688,0.18181818181818182,92.28673957621326,77.0,0
0.390625,0.609375,0.390625,1.0,0.2418154761904762,64.0,1
0.375,0.625,0.375,1.0,0.25,16.0,1
0.5,0.5,0.5,1.0,0.2857142857142857,8.0,1
0.5,0.5,0.5,1.0,0.2857142857142857,8.0,1
13.290909090909091,0.01818181818181818,0.10909090909090909,0.12727272727272726,79.43232323232323,55.0,0
18.8,0.03636363636363636,0.03636363636363636,0.07272727272727272,150.82962962962964,55.0,0
0.46875,0.53125,0.46875,1.0,0.25297619047619047,64.0,1
0.5833333333333334,0.4166666666666667,0.5833333333333334,1.0,0.2536231884057971,24.0,1
0.5,0.5,0.5,1.0,0.25396825396825395,64.0,1
0.5,0.5,0.5,1.0,0.2553191489361702,48.0,1
0.4375,0.5625,0.4375,1.0,0.25,64.0,1
0.45,0.55,0.45,1.0,0.25384615384615383,40.0,1
0.5,0.5,0.5,1.0,0.2553191489361702,48.0,1
0.375,0.625,0.375,1.0,0.24193548387096775,32.0,1
14.108108108108109,0.02702702702702703,0.0,0.02702702702702703,79.93243243243244,37.0,0
0.40625,0.59375,0.40625,1.0,0.24899193548387097,32.0,1
0.515625,0.484375,0.515625,1.0,0.2537202380952381,64.0,1
0.3125,0.6875,0.3125,1.0,0.22916666666666666,16.0,1
0.45,0.55,0.45,1.0,0.25384615384615383,40.0,1
0.390625,0.609375,0.390625,1.0,0.2418154761904762,64.0,1
0.5625,0.4375,0.5625,1.0,0.2625,16.0,1
0.4791666666666667,0.5208333333333334,0.4791666666666667,1.0,0.2548758865248227,48.0,1
15.71875,0.109375,0.015625,0.125,99.98313492063492,64.0,0
0.4375,0.5625,0.4375,1.0,0.2625,16.0,1
0.4166666666666667,0.5833333333333334,0.4166666666666667,1.0,0.24822695035460993,48.0,1
13.578947368421053,0.013157894736842105,0.05263157894736842,0.06578947368421052,103.92701754385965,76.0,0
11.183098591549296,0.08450704225352113,0.07746478873239436,0.1619718309859155,90.19318749375687,142.0,0
14.71830985915493,0.1267605633802817,0.028169014084507043,0.15492957746478872,130.54808853118712,71.0,0
0.5,0.5,0.5,1.0,0.2608695652173913,24.0,1
0.475,0.525,0.475,1.0,0.25576923076923075,40.0,1
10.39047619047619,0.02857142857142857,0.08571428571428572,0.11428571428571428,52.27875457875458,105.0,0
9.845454545454546,0.10909090909090909,0.045454545454545456,0.15454545454545454,85.69149291075897,110.0,0
0.4375,0.5625,0.4375,1.0,0.2625,16.0,1
15.688524590163935,0.04918032786885246,0.04918032786885246,0.09836065573770492,101.5846994535519,61.0,0
14.830985915492958,0.04225352112676056,0.07042253521126761,0.11267605633802817,98.65674044265593,71.0,0
0.5,0.5,0.5,1.0,0.2857142857142857,8.0,1
14.95774647887324,0.028169014084507043,0.014084507042253521,0.04225352112676056,109.61247484909457,71.0,0
0.4166666666666667,0.5833333333333334,0.4166666666666667,1.0,0.24822695035460993,48.0,1
13.808823529411764,0.04411764705882353,0.04411764705882353,0.08823529411764706,90.84350307287094,68.0,0
0.4,0.6,0.4,1.0,0.24615384615384617,40.0,1
0.475,0.525,0.475,1.0,0.25576923076923075,40.0,1
0.45,0.55,0.45,1.0,0.25384615384615383,40.0,1
0.5,0.5,0.5,1.0,0.2857142857142857,8.0,1
17.037735849056602,0.03773584905660377,0.0,0.03773584905660377,72.34470246734398,53.0,0
0.4166666666666667,0.5833333333333334,0.4166666666666667,1.0,0.24822695035460993,48.0,1
18.804878048780488,0.024390243902439025,0.0,0.024390243902439025,116.8109756097561,41.0,0
15.82716049382716,0.037037037037037035,0.024691358024691357,0.06172839506172839,115.39475308641975,81.0,0
0.5357142857142857,0.4642857142857143,0.5357142857142857,1.0,0.2532467532467532,56.0,1
0.375,0.625,0.375,1.0,0.25,16.0,1
19.65625,0.0,0.0,0.0,95.0070564516129,32.0,0
13.080357142857142,0.044642857142857144,0.07142857142857142,0.11607142857142858,101.7322232947233,112.0,0
19.428571428571427,0.0,0.0,0.0,72.65714285714286,21.0,0
12.378048780487806,0.012195121951219513,0.036585365853658534,0.04878048780487805,58.880006022282444,82.0,0
12.696969696969697,0.16666666666666666,0.0,0.16666666666666666,107.22983682983683,66.0,0
0.5625,0.4375,0.5625,1.0,0.2625,16.0,1
12.715909090909092,0.125,0.022727272727272728,0.14772727272727273,85.58503134796238,88.0,0
13.040816326530612,0.05102040816326531,0.030612244897959183,0.08163265306122448,97.07048180096781,98.0,0
12.646153846153846,0.06153846153846154,0.015384615384615385,0.07692307692307693,93.66971153846154,65.0,0
0.525,0.475,0.525,1.0,0.25576923076923075,40.0,1
14.833333333333334,0.03571428571428571,0.047619047619047616,0.08333333333333333,101.22489959839358,84.0,0
0.44642857142857145,0.5535714285714286,0.44642857142857145,1.0,0.25162337662337664,56.0,1
0.5,0.5,0.5,1.0,0.2608695652173913,24.0,1
16.871794871794872,0.02564102564102564,0.0,0.02564102564102564,85.3778677462888,39.0,0
12.19548872180451,0.08270676691729323,0.06766917293233082,0.15037593984962405,111.35543403964456,133.0,0
17.181818181818183,0.03636363636363636,0.03636363636363636,0.07272727272727272,145.59595959595958,55.0,0
0.40625,0.59375,0.40625,1.0,0.24503968253968253,64.0,1
18.89830508474576,0.0,0.01694915254237288,0.01694915254237288,125.40327293980128,59.0,0
0.4583333333333333,0.5416666666666666,0.4583333333333333,1.0,0.25354609929078015,48.0,1
0.5,0.5,0.5,1.0,0.2564102564102564,40.0,1
0.4166666666666667,0.5833333333333334,0.4166666666666667,1.0,0.2536231884057971,24.0,1
19.916666666666668,0.08333333333333333,0.0,0.08333333333333333,150.87857142857143,36.0,0
9.272727272727273,0.0,0.09090909090909091,0.09090909090909091,72.61818181818182,11.0,0
0.484375,0.515625,0.484375,1.0,0.2537202380952381,64.0,1
0.5,0.5,0.5,1.0,0.2857142857142857,8.0,1
0.42857142857142855,0.5714285714285714,0.42857142857142855,1.0,0.24935064935064935,56.0,1
0.5,0.5,0.5,1.0,0.25806451612903225,32.0,1
13.272727272727273,0.06060606060606061,0.0707070707070707,0.13131313131313133,113.11873840445269,99.0,0
0.4583333333333333,0.5416666666666666,0.4583333333333333,1.0,0.25354609929078015,48.0,1
0.4375,0.5625,0.4375,1.0,0.2625,16.0,1
16.253731343283583,0.04477611940298507,0.014925373134328358,0.05970149253731343,105.28312980551786,67.0,0
0.4,0.6,0.4,1.0,0.24615384615384617,40.0,1
0.375,0.625,0.375,1.0,0.25,16.0,1
0.4,0.6,0.4,1.0,0.24615384615384617,40.0,1
18.314814814814813,0.037037037037037035,0.018518518518518517,0.05555555555555555,142.33298392732354,54.0,0
0.4166666666666667,0.5833333333333334,0.4166666666666667,1.0,0.2536231884057971,24.0,1
15.85,0.05,0.016666666666666666,0.06666666666666667,112.4686440677966,60.0,0
13.41747572815534,0.02912621359223301,0.02912621359223301,0.05825242718446602,103.2651818008757,103.0,0
0.4642857142857143,0.5357142857142857,0.4642857142857143,1.0,0.2532467532467532,56.0,1
18.85333333333333,0.013333333333333334,0.0,0.013333333333333334,98.91063063063064,75.0,0
13.447761194029852,0.07462686567164178,0.05970149253731343,0.13432835820895522,101.40253279059249,67.0,0
22.45945945945946,0.05405405405405406,0.0,0.05405405405405406,200.92192192192192,37.0,0
15.11340206185567,0.041237113402061855,0.010309278350515464,0.05154639175257732,88.0182560137457,97.0,0
0.59375,0.40625,0.59375,1.0,0.24899193548387097,32.0,1
0.5,0.5,0.5,1.0,0.2857142857142857,8.0,1
0.5833333333333334,0.4166666666666667,0.5833333333333334,1.0,0.2536231884057971,24.0,1
18.962962962962962,0.037037037037037035,0.0,0.037037037037037035,74.80626780626781,27.0,0
16.896103896103895,0.025974025974025976,0.1038961038961039,0.12987012987012986,146.27853725222147,77.0,0
17.296296296296298,0.012345679012345678,0.024691358024691357,0.037037037037037035,92.86111111111111,81.0,0
19.489795918367346,0.02040816326530612,0.04081632653061224,0.061224489795918366,97.25510204081633,49.0,0
13.333333333333334,0.022222222222222223,0.022222222222222223,0.044444444444444446,63.68181818181818,45.0,0
0.53125,0.46875,0.53125,1.0,0.25705645161290325,32.0,1
13.671641791044776,0.014925373134328358,0.05970149253731343,0.07462686567164178,91.70872908186341,67.0,0
0.4583333333333333,0.5416666666666666,0.4583333333333333,1.0,0.25905797101449274,24.0,1
20.07894736842105,0.0,0.05263157894736842,0.05263157894736842,153.53413940256044,38.0,0
8.450819672131148,0.07377049180327869,0.07377049180327869,0.14754098360655737,63.34053651266766,122.0,0
0.40625,0.59375,0.40625,1.0,0.24503968253968253,64.0,1
12.87719298245614,0.05263157894736842,0.05263157894736842,0.10526315789473684,89.85964912280701,57.0,0
0.4583333333333333,0.5416666666666666,0.4583333333333333,1.0,0.25905797101449274,24.0,1
0.5,0.5,0.5,1.0,0.25396825396825395,64.0,1
0.4375,0.5625,0.4375,1.0,0.2625,16.0,1
12.817307692307692,0.18269230769230768,0.04807692307692308,0.23076923076923078,125.99542569081405,104.0,0
12.933333333333334,0.03333333333333333,0.016666666666666666,0.05,66.50395480225988,60.0,0
0.375,0.625,0.375,1.0,0.24456521739130435,24.0,1
0.45,0.55,0.45,1.0,0.25384615384615383,40.0,1
8.67123287671233,0.0958904109589041,0.1095890410958904,0.2054794520547945,61.72374429223744,73.0,0
0.39285714285714285,0.6071428571428571,0.39285714285714285,1.0,0.24285714285714285,56.0,1
0.38461538461538464,0.6153846153846154,0.38461538461538464,1.0,0.2403846153846154,65.0,1
12.44,0.0,0.04,0.04,68.75666666666666,25.0,0
19.56756756756757,0.02702702702702703,0.02702702702702703,0.05405405405405406,144.03003003003002,37.0,0
19.142857142857142,0.0,0.0,0.0,149.91666666666666,49.0,0
0.5416666666666666,0.4583333333333333,0.5416666666666666,1.0,0.25905797101449274,24.0,1
12.385826771653543,0.09448818897637795,0.03937007874015748,0.13385826771653545,69.01662292213473,127.0,0
8.194244604316546,0.1510791366906475,0.09352517985611511,0.2446043165467626,58.63590866437285,139.0,0
0.3125,0.6875,0.3125,1.0,0.22916666666666666,16.0,1
18.53448275862069,0.05172413793103448,0.017241379310344827,0.06896551724137931,135.93738656987296,58.0,0
13.644859813084112,0.12149532710280374,0.08411214953271028,0.205607476635514,144.2123082348792,107.0,0
15.65,0.0,0.0,0.0,66.23947368421052,20.0,0
14.140350877192983,0.08771929824561403,0.07017543859649122,0.15789473684210525,124.515664160401,57.0,0
0.625,0.375,0.625,1.0,0.26785714285714285,8.0,1
0.5,0.5,0.5,1.0,0.2553191489361702,48.0,1
0.5,0.5,0.5,1.0,0.25806451612903225,32.0,1
0.25,0.75,0.25,1.0,0.21428571428571427,8.0,1
11.476190476190476,0.17857142857142858,0.047619047619047616,0.2261904761904762,98.0114744693058,84.0,0
0.375,0.625,0.375,1.0,0.25,16.0,1
0.5,0.5,0.5,1.0,0.2553191489361702,48.0,1
17.142857142857142,0.07142857142857142,0.0,0.07142857142857142,112.7595818815331,42.0,0
14.456140350877194,0.03508771929824561,0.08771929824561403,0.12280701754385964,118.18107769423558,57.0,0
0.453125,0.546875,0.453125,1.0,0.2517361111111111,64.0,1
0.5,0.5,0.5,1.0,0.2564102564102564,40.0,1
0.42857142857142855,0.5714285714285714,0.42857142857142855,1.0,0.24935064935064935,56.0,1
18.818181818181817,0.0,0.0,0.0,98.2159090909091,33.0,0
14.695652173913043,0.043478260869565216,0.043478260869565216,0.08695652173913043,103.15601023017904,69.0,0
0.515625,0.484375,0.515625,1.0,0.2537202380952381,64.0,1
0.375,0.625,0.375,1.0,0.26785714285714285,8.0,1
10.842105263157896,0.08771929824561403,0.03508771929824561,0.12280701754385964,63.74248120300752,57.0,0
0.5833333333333334,0.4166666666666667,0.5833333333333334,1.0,0.2536231884057971,24.0,1
0.44642857142857145,0.5535714285714286,0.44642857142857145,1.0,0.25162337662337664,56.0,1
19.58695652173913,0.021739130434782608,0.021739130434782608,0.043478260869565216,131.09227053140097,46.0,0
0.4583333333333333,0.5416666666666666,0.4583333333333333,1.0,0.25354609929078015,48.0,1
0.5,0.5,0.5,1.0,0.2545454545454545,56.0,1
0.375,0.625,0.375,1.0,0.26785714285714285,8.0,1
16.2,0.02666666666666667,0.0,0.02666666666666667,94.35135135135135,75.0,0
0.4375,0.5625,0.4375,1.0,0.2625,16.0,1
0.4642857142857143,0.5357142857142857,0.4642857142857143,1.0,0.2532467532467532,56.0,1
0.5,0.5,0.5,1.0,0.2857142857142857,8.0,1
0.46875,0.53125,0.46875,1.0,0.25705645161290325,32.0,1
0.5,0.5,0.5,1.0,0.26666666666666666,16.0,1
19.1,0.04285714285714286,0.014285714285714285,0.05714285714285714,161.54057971014493,70.0,0
0.5208333333333334,0.4791666666666667,0.5208333333333334,1.0,0.2548758865248227,48.0,1
13.722222222222221,0.06944444444444445,0.05555555555555555,0.125,80.9076682316119,72.0,0
16.847457627118644,0.01694915254237288,0.03389830508474576,0.05084745762711865,130.99357101110462,59.0,0
0.4583333333333333,0.5416666666666666,0.4583333333333333,1.0,0.25905797101449274,24.0,1
16.176470588235293,0.0196078431372549,0.058823529411764705,0.0784313725490196,118.42823529411764,51.0,0
16.797752808988765,0.0898876404494382,0.02247191011235955,0.11235955056179775,132.5268130745659,89.0,0
0.4791666666666667,0.5208333333333334,0.4791666666666667,1.0,0.2548758865248227,48.0,1
0.4642857142857143,0.5357142857142857,0.4642857142857143,1.0,0.2532467532467532,56.0,1
18.45945945945946,0.04054054054054054,0.0,0.04054054054054054,125.86819696408737,74.0,0
0.375,0.625,0.375,1.0,0.24193548387096775,32.0,1
0.5178571428571429,0.48214285714285715,0.5178571428571429,1.0,0.25422077922077924,56.0,1
14.793478260869565,0.14130434782608695,0.021739130434782608,0.16304347826086957,138.2755613951266,92.0,0
13.164556962025317,0.0379746835443038,0.06329113924050633,0.10126582278481013,109.03667640376501,79.0,0
18.85,0.025,0.0,0.025,159.51538461538462,40.0,0
12.56989247311828,0.08602150537634409,0.07526881720430108,0.16129032258064516,124.8564749883123,93.0,0
14.41095890410959,0.0410958904109589,0.0273972602739726,0.0684931506849315,73.93987823439878,73.0,0
15.934782608695652,0.0,0.0,0.0,53.44009661835749,46.0,0
18.072727272727274,0.0,0.01818181818181818,0.01818181818181818,117.21683501683502,55.0,0
16.555555555555557,0.0,0.0,0.0,68.02614379084967,18.0,0
11.80952380952381,0.047619047619047616,0.03571428571428571,0.08333333333333333,75.74641422834193,84.0,0
0.4791666666666667,0.5208333333333334,0.4791666666666667,1.0,0.2548758865248227,48.0,1
16.11904761904762,0.09523809523809523,0.0,0.09523809523809523,118.74157955865273,42.0,0
0.5,0.5,0.5,1.0,0.25396825396825395,64.0,1
0.525,0.475,0.525,1.0,0.25576923076923075,40.0,1
0.38596491228070173,0.6140350877192983,0.38596491228070173,1.0,0.2412280701754386,57.0,1
0.44642857142857145,0.5535714285714286,0.44642857142857145,1.0,0.25162337662337664,56.0,1
14.073170731707316,0.024390243902439025,0.07317073170731707,0.0975609756097561,142.06951219512194,41.0,0
15.805970149253731,0.029850746268656716,0.029850746268656716,0.05970149253731343,156.27996381727726,67.0,0
11.101694915254237,0.11864406779661017,0.0847457627118644,0.2033898305084746,101.19637638807714,59.0,0
0.4375,0.5625,0.4375,1.0,0.2540322580645161,32.0,1
18.28813559322034,0.01694915254237288,0.01694915254237288,0.03389830508474576,106.93278784336646,59.0,0
0.6875,0.3125,0.6875,1.0,0.22916666666666666,16.0,1
0.525,0.475,0.525,1.0,0.25576923076923075,40.0,1
0.475,0.525,0.475,1.0,0.25576923076923075,40.0,1
11.18978102189781,0.058394160583941604,0.058394160583941604,0.11678832116788321,81.43430656934306,137.0,0
15.960526315789474,0.039473684210526314,0.05263157894736842,0.09210526315789473,137.6117543859649,76.0,0
14.447058823529412,0.03529411764705882,0.011764705882352941,0.047058823529411764,118.05966386554621,85.0,0
11.882352941176471,0.0,0.058823529411764705,0.058823529411764705,95.56149732620321,34.0,0
11.863636363636363,0.10909090909090909,0.03636363636363636,0.14545454545454545,73.34820683903253,110.0,0
13.125,0.022727272727272728,0.03409090909090909,0.056818181818181816,123.4669540229885,88.0,0
18.820224719101123,0.02247191011235955,0.0,0.02247191011235955,103.46731358529111,89.0,0
0.45,0.55,0.45,1.0,0.25384615384615383,40.0,1
0.4583333333333333,0.5416666666666666,0.4583333333333333,1.0,0.25905797101449274,24.0,1
13.211764705882352,0.047058823529411764,0.023529411764705882,0.07058823529411765,62.78795518207283,85.0,0
0.40625,0.59375,0.40625,1.0,0.24899193548387097,32.0,1
9.428571428571429,0.047619047619047616,0.031746031746031744,0.07936507936507936,53.08755760368663,63.0,0
0.5357142857142857,0.4642857142857143,0.5357142857142857,1.0,0.2532467532467532,56.0,1
15.186440677966102,0.01694915254237288,0.01694915254237288,0.03389830508474576,73.94739918176505,59.0,0
0.515625,0.484375,0.515625,1.0,0.2537202380952381,64.0,1
0.5357142857142857,0.4642857142857143,0.5357142857142857,1.0,0.2532467532467532,56.0,1
18.492753623188406,0.0,0.014492753623188406,0.014492753623188406,111.9006820119352,69.0,0
0.4583333333333333,0.5416666666666666,0.4583333333333333,1.0,0.25354609929078015,48.0,1
0.4375,0.5625,0.4375,1.0,0.2540322580645161,32.0,1
9.495726495726496,0.08547008547008547,0.042735042735042736,0.1282051282051282,69.33834364868848,117.0,0
0.46875,0.53125,0.46875,1.0,0.25297619047619047,64.0,1
0.5,0.5,0.5,1.0,0.25396825396825395,64.0,1
11.578125,0.09375,0.0703125,0.1640625,99.85211614173228,128.0,0
13.330645161290322,0.10483870967741936,0.06451612903225806,0.1693548387096774,125.14994754786258,124.0,0
0.5,0.5,0.5,1.0,0.2564102564102564,40.0,1
11.409090909090908,0.011363636363636364,0.022727272727272728,0.03409090909090909,72.63531870428422,88.0,0
12.7,0.05384615384615385,0.06153846153846154,0.11538461538461539,93.80852713178295,130.0,0
0.5625,0.4375,0.5625,1.0,0.2625,16.0,1
19.37837837837838,0.0,0.02702702702702703,0.02702702702702703,114.96396396396396,37.0,0
0.48214285714285715,0.5178571428571429,0.48214285714285715,1.0,0.25422077922077924,56.0,1
0.4375,0.5625,0.4375,1.0,0.25132978723404253,48.0,1
0.25,0.75,0.25,1.0,0.21428571428571427,8.0,1
16.053571428571427,0.05357142857142857,0.05357142857142857,0.10714285714285714,125.36071428571428,56.0,0
0.4375,0.5625,0.4375,1.0,0.2625,16.0,1
9.52808988764045,0.056179775280898875,0.07865168539325842,0.1348314606741573,64.7520429009193,89.0,0
0.5,0.5,0.5,1.0,0.2857142857142857,8.0,1
12.129032258064516,0.07526881720430108,0.043010752688172046,0.11827956989247312,79.96143057503507,93.0,0
12.292993630573248,0.10828025477707007,0.044585987261146494,0.15286624203821655,94.8495018781643,157.0,0
16.925925925925927,0.0,0.0,0.0,115.53276353276354,27.0,0
12.245454545454546,0.08181818181818182,0.01818181818181818,0.1,84.60892410341951,110.0,0
0.575,0.425,0.575,1.0,0.25064102564102564,40.0,1
0.4375,0.5625,0.4375,1.0,0.25,64.0,1
15.206349206349206,0.015873015873015872,0.09523809523809523,0.1111111111111111,118.32770097286226,63.0,0
18.045454545454547,0.045454545454545456,0.0,0.045454545454545456,108.97463002114165,44.0,0
0.48214285714285715,0.5178571428571429,0.48214285714285715,1.0,0.25422077922077924,56.0,1
0.5,0.5,0.5,1.0,0.2857142857142857,8.0,1
0.546875,0.453125,0.546875,1.0,0.2517361111111111,64.0,1
13.675324675324676,0.07792207792207792,0.07792207792207792,0.15584415584415584,109.22214627477786,77.0,0
16.21518987341772,0.012658227848101266,0.02531645569620253,0.0379746835443038,77.6838688737423,79.0,0
0.4583333333333333,0.5416666666666666,0.4583333333333333,1.0,0.25905797101449274,24.0,1
0.5178571428571429,0.48214285714285715,0.5178571428571429,1.0,0.25422077922077924,56.0,1
15.223529411764705,0.09411764705882353,0.08235294117647059,0.17647058823529413,141.08039215686276,85.0,0
13.865671641791044,0.08955223880597014,0.05970149253731343,0.14925373134328357,97.48168249660787,67.0,0
20.0,0.0,0.020833333333333332,0.020833333333333332,130.51063829787233,48.0,0
0.46875,0.53125,0.46875,1.0,0.25705645161290325,32.0,1
12.454545454545455,0.045454545454545456,0.0,0.045454545454545456,62.22097902097902,66.0,0
0.475,0.525,0.475,1.0,0.25576923076923075,40.0,1
0.53125,0.46875,0.53125,1.0,0.25297619047619047,64.0,1
19.931818181818183,0.045454545454545456,0.022727272727272728,0.06818181818181818,160.9022198731501,44.0,0
15.339285714285714,0.03571428571428571,0.017857142857142856,0.05357142857142857,113.02824675324675,56.0,0
14.885714285714286,0.014285714285714285,0.02857142857142857,0.04285714285714286,72.79834368530021,70.0,0
0.4791666666666667,0.5208333333333334,0.4791666666666667,1.0,0.2548758865248227,48.0,1
20.015873015873016,0.047619047619047616,0.0,0.047619047619047616,141.20942140296978,63.0,0
16.33823529411765,0.04411764705882353,0.029411764705882353,0.07352941176470588,97.95851624231783,68.0,0
0.5,0.5,0.5,1.0,0.2857142857142857,8.0,1
11.476744186046512,0.1511627906976744,0.046511627906976744,0.19767441860465115,94.60533515731875,86.0,0
12.476744186046512,0.05813953488372093,0.06976744186046512,0.12790697674418605,104.74651162790698,86.0,0
0.4166666666666667,0.5833333333333334,0.4166666666666667,1.0,0.24822695035460993,48.0,1
15.0,0.0,0.029411764705882353,0.029411764705882353,60.36363636363637,34.0,0
0.4107142857142857,0.5892857142857143,0.4107142857142857,1.0,0.24642857142857144,56.0,1
0.5357142857142857,0.4642857142857143,0.5357142857142857,1.0,0.2532467532467532,56.0,1
0.44642857142857145,0.5535714285714286,0.44642857142857145,1.0,0.25162337662337664,56.0,1
13.926829268292684,0.024390243902439025,0.024390243902439025,0.04878048780487805,85.41951219512195,41.0,0
0.375,0.625,0.375,1.0,0.25,16.0,1
0.625,0.375,0.625,1.0,0.24456521739130435,24.0,1
0.525,0.475,0.525,1.0,0.25576923076923075,40.0,1
15.704545454545455,0.045454545454545456,0.056818181818181816,0.10227272727272728,147.9576802507837,88.0,0
10.170542635658915,0.08527131782945736,0.07751937984496124,0.16279069767441862,74.48631298449612,129.0,0
0.5416666666666666,0.4583333333333333,0.5416666666666666,1.0,0.25354609929078015,48.0,1
0.5625,0.4375,0.5625,1.0,0.2540322580645161,32.0,1
15.693877551020408,0.02040816326530612,0.0,0.02040816326530612,95.34183673469387,49.0,0
0.5,0.5,0.5,1.0,0.2608695652173913,24.0,1
13.466666666666667,0.0,0.044444444444444446,0.044444444444444446,120.84545454545454,45.0,0
13.017241379310345,0.1206896551724138,0.07758620689655173,0.19827586206896552,123.09535232383809,116.0,0
0.4583333333333333,0.5416666666666666,0.4583333333333333,1.0,0.25905797101449274,24.0,1
10.212121212121213,0.10101010101010101,0.09090909090909091,0.1919191919191919,103.84230055658627,99.0,0
0.5,0.5,0.5,1.0,0.26666666666666666,16.0,1
0.46875,0.53125,0.46875,1.0,0.25705645161290325,32.0,1
15.666666666666666,0.0,0.0,0.0,43.06666666666667,6.0,0
10.834645669291339,0.10236220472440945,0.07086614173228346,0.1732283464566929,72.71053618297712,127.0,0
18.19672131147541,0.0,0.01639344262295082,0.01639344262295082,131.0606557377049,61.0,0
19.42622950819672,0.01639344262295082,0.04918032786885246,0.06557377049180328,174.6486338797814,61.0,0
0.4583333333333333,0.5416666666666666,0.4583333333333333,1.0,0.25354609929078015,48.0,1
0.5,0.5,0.5,1.0,0.2857142857142857,8.0,1
11.902439024390244,0.07317073170731707,0.04878048780487805,0.12195121951219512,60.6323396567299,82.0,0
11.923076923076923,0.13846153846153847,0.046153846153846156,0.18461538461538463,94.79086538461539,65.0,0
0.4375,0.5625,0.4375,1.0,0.2625,16.0,1
0.5,0.5,0.5,1.0,0.2857142857142857,8.0,1
13.333333333333334,0.0,0.0,0.0,68.46153846153847,27.0,0
0.453125,0.546875,0.453125,1.0,0.2517361111111111,64.0,1
17.0,0.07692307692307693,0.038461538461538464,0.11538461538461539,135.13725490196077,52.0,0
0.375,0.625,0.375,1.0,0.26785714285714285,8.0,1
0.5416666666666666,0.4583333333333333,0.5416666666666666,1.0,0.25905797101449274,24.0,1
0.5416666666666666,0.4583333333333333,0.5416666666666666,1.0,0.25905797101449274,24.0,1
13.415254237288135,0.0847457627118644,0.03389830508474576,0.11864406779661017,126.53549181515284,118.0,0
20.953125,0.0,0.015625,0.015625,109.79141865079364,64.0,0
0.4166666666666667,0.5833333333333334,0.4166666666666667,1.0,0.2536231884057971,24.0,1
13.620253164556962,0.0759493670886076,0.08860759493670886,0.16455696202531644,139.41804608893216,79.0,0
13.142857142857142,0.07142857142857142,0.07142857142857142,0.14285714285714285,75.16342857142857,126.0,0
0.5,0.5,0.5,1.0,0.2857142857142857,8.0,1
0.46875,0.53125,0.46875,1.0,0.25705645161290325,32.0,1
0.5208333333333334,0.4791666666666667,0.5208333333333334,1.0,0.2548758865248227,48.0,1
17.564102564102566,0.0,0.0,0.0,65.98920377867746,39.0,0
14.35064935064935,0.025974025974025976,0.05194805194805195,0.07792207792207792,97.5727956254272,77.0,0
18.688524590163933,0.01639344262295082,0.03278688524590164,0.04918032786885246,115.41803278688525,61.0,0
0.5,0.5,0.5,1.0,0.2608695652173913,24.0,1
0.425,0.575,0.425,1.0,0.25064102564102564,40.0,1
0.421875,0.578125,0.421875,1.0,0.24776785714285715,64.0,1
11.0,0.06666666666666667,0.058333333333333334,0.125,76.6218487394958,120.0,0
16.463768115942027,0.043478260869565216,0.0,0.043478260869565216,86.98763853367434,69.0,0
14.954545454545455,0.022727272727272728,0.0,0.022727272727272728,77.90486257928119,44.0,0
19.25,0.0,0.0625,0.0625,117.53333333333333,16.0,0
0.5,0.5,0.5,1.0,0.2857142857142857,8.0,1
13.833333333333334,0.037037037037037035,0.09259259259259259,0.12962962962962962,129.46728971962617,108.0,0
0.4583333333333333,0.5416666666666666,0.4583333333333333,1.0,0.25354609929078015,48.0,1
0.375,0.625,0.375,1.0,0.26785714285714285,8.0,1
12.797101449275363,0.043478260869565216,0.043478260869565216,0.08695652173913043,69.2229326513214,69.0,0
0.5,0.5,0.5,1.0,0.26666666666666666,16.0,1
0.5,0.5,0.5,1.0,0.25806451612903225,32.0,1
0.575,0.425,0.575,1.0,0.25064102564102564,40.0,1
14.936842105263159,0.021052631578947368,0.031578947368421054,0.05263157894736842,101.14490481522957,95.0,0
0.4107142857142857,0.5892857142857143,0.4107142857142857,1.0,0.24642857142857144,56.0,1
0.515625,0.484375,0.515625,1.0,0.2537202380952381,64.0,1
0.4,0.6,0.4,1.0,0.24615384615384617,40.0,1
18.216216216216218,0.02702702702702703,0.05405405405405406,0.08108108108108109,133.56306306306305,37.0,0
0.475,0.525,0.475,1.0,0.25576923076923075,40.0,1
17.17241379310345,0.06896551724137931,0.017241379310344827,0.08620689655172414,128.0399274047187,58.0,0
15.698630136986301,0.0684931506849315,0.0273972602739726,0.0958904109589041,98.79680365296804,73.0,0
0.5416666666666666,0.4583333333333333,0.5416666666666666,1.0,0.25905797101449274,24.0,1
0.3125,0.6875,0.3125,1.0,0.22916666666666666,16.0,1
16.609756097560975,0.0,0.024390243902439025,0.024390243902439025,106.2439024390244,41.0,0
0.46875,0.53125,0.46875,1.0,0.25705645161290325,32.0,1
17.352941176470587,0.0196078431372549,0.0196078431372549,0.0392156862745098,110.27294117647058,51.0,0
8.683098591549296,0.1056338028169014,0.09154929577464789,0.19718309859154928,54.70027969233843,142.0,0
0.4375,0.5625,0.4375,1.0,0.25,64.0,1
0.4375,0.5625,0.4375,1.0,0.2540322580645161,32.0,1
0.375,0.625,0.375,1.0,0.26785714285714285,8.0,1
0.48214285714285715,0.5178571428571429,0.48214285714285715,1.0,0.25422077922077924,56.0,1
14.122448979591837,0.02040816326530612,0.061224489795918366,0.08163265306122448,80.90136054421768,49.0,0
17.26923076923077,0.01282051282051282,0.01282051282051282,0.02564102564102564,123.9915084915085,78.0,0
0.4583333333333333,0.5416666666666666,0.4583333333333333,1.0,0.25905797101449274,24.0,1
0.5,0.5,0.5,1.0,0.25806451612903225,32.0,1
13.090909090909092,0.030303030303030304,0.030303030303030304,0.06060606060606061,71.77272727272727,33.0,0
0.4375,0.5625,0.4375,1.0,0.25132978723404253,48.0,1
17.205882352941178,0.0,0.014705882352941176,0.014705882352941176,123.00175592625109,68.0,0
15.892857142857142,0.017857142857142856,0.03571428571428571,0.05357142857142857,90.31558441558441,56.0,0
14.067415730337078,0.06741573033707865,0.033707865168539325,0.10112359550561797,76.15449438202248,89.0,0
0.375,0.625,0.375,1.0,0.2403846153846154,40.0,1
0.5,0.5,0.5,1.0,0.2857142857142857,8.0,1
0.515625,0.484375,0.515625,1.0,0.2537202380952381,64.0,1
0.5625,0.4375,0.5625,1.0,0.2625,16.0,1
17.666666666666668,0.06666666666666667,0.0,0.06666666666666667,96.36781609195403,30.0,0
0.625,0.375,0.625,1.0,0.26785714285714285,8.0,1
15.568965517241379,0.05172413793103448,0.0,0.05172413793103448,95.12673926194798,58.0,0
0.5,0.5,0.5,1.0,0.2857142857142857,8.0,1
16.9811320754717,0.0,0.0,0.0,94.13425253991292,53.0,0
15.271428571428572,0.014285714285714285,0.04285714285714286,0.05714285714285714,93.93975155279503,70.0,0
0.4107142857142857,0.5892857142857143,0.4107142857142857,1.0,0.24642857142857144,56.0,1
0.4,0.6,0.4,1.0,0.24615384615384617,40.0,1
0.546875,0.453125,0.546875,1.0,0.2517361111111111,64.0,1
13.923076923076923,0.0,0.038461538461538464,0.038461538461538464,73.19384615384615,26.0,0
18.23404255319149,0.0,0.02127659574468085,0.02127659574468085,97.44403330249769,47.0,0
0.4583333333333333,0.5416666666666666,0.4583333333333333,1.0,0.25905797101449274,24.0,1
13.361702127659575,0.0425531914893617,0.0,0.0425531914893617,91.1054579093432,47.0,0
8.75,0.07352941176470588,0.07352941176470588,0.14705882352941177,45.89179104477612,68.0,0
0.375,0.625,0.375,1.0,0.24456521739130435,24.0,1
0.6,0.4,0.6,1.0,0.24615384615384617,40.0,1
10.779069767441861,0.06976744186046512,0.16279069767441862,0.23255813953488372,100.29179206566347,86.0,0
0.375,0.625,0.375,1.0,0.26785714285714285,8.0,1
0.4583333333333333,0.5416666666666666,0.4583333333333333,1.0,0.25354609929078015,48.0,1
0.42857142857142855,0.5714285714285714,0.42857142857142855,1.0,0.24935064935064935,56.0,1
0.5,0.5,0.5,1.0,0.25396825396825395,64.0,1
0.55,0.45,0.55,1.0,0.25384615384615383,40.0,1
0.5,0.5,0.5,1.0,0.2857142857142857,8.0,1
0.75,0.25,0.75,1.0,0.21428571428571427,8.0,1
0.40625,0.59375,0.40625,1.0,0.24503968253968253,64.0,1
0.45,0.55,0.45,1.0,0.25384615384615383,40.0,1
20.15686274509804,0.0196078431372549,0.0196078431372549,0.0392156862745098,105.6949019607843,51.0,0
15.58904109589041,0.0410958904109589,0.0,0.0410958904109589,57.80098934550989,73.0,0
0.46875,0.53125,0.46875,1.0,0.25297619047619047,64.0,1
0.4642857142857143,0.5357142857142857,0.4642857142857143,1.0,0.2532467532467532,56.0,1
0.4166666666666667,0.5833333333333334,0.4166666666666667,1.0,0.24822695035460993,48.0,1
0.5,0.5,0.5,1.0,0.2608695652173913,24.0,1
0.53125,0.46875,0.53125,1.0,0.25297619047619047,64.0,1
0.4166666666666667,0.5833333333333334,0.4166666666666667,1.0,0.2536231884057971,24.0,1
15.285714285714286,0.04081632653061224,0.0,0.04081632653061224,87.125,49.0,0
0.5,0.5,0.5,1.0,0.2564102564102564,40.0,1
19.756756756756758,0.02702702702702703,0.02702702702702703,0.05405405405405406,183.96696696696696,37.0,0
0.421875,0.578125,0.421875,1.0,0.24776785714285715,64.0,1
0.53125,0.46875,0.53125,1.0,0.25297619047619047,64.0,1
0.625,0.375,0.625,1.0,0.26785714285714285,8.0,1
16.46875,0.046875,0.046875,0.09375,127.77678571428571,64.0,0
14.16,0.048,0.04,0.088,120.82903225806452,125.0,0
16.157894736842106,0.0,0.02631578947368421,0.02631578947368421,105.86628733997155,38.0,0
0.55,0.45,0.55,1.0,0.25384615384615383,40.0,1
0.5,0.5,0.5,1.0,0.26666666666666666,16.0,1
0.45,0.55,0.45,1.0,0.25384615384615383,40.0,1
12.714285714285714,0.05194805194805195,0.012987012987012988,0.06493506493506493,80.68045112781955,77.0,0
0.5,0.5,0.5,1.0,0.25396825396825395,64.0,1
9.648,0.112,0.112,0.224,90.13316129032258,125.0,0
0.453125,0.546875,0.453125,1.0,0.2517361111111111,64.0,1
0.5,0.5,0.5,1.0,0.2564102564102564,40.0,1
0.75,0.25,0.75,1.0,0.21428571428571427,8.0,1
0.4583333333333333,0.5416666666666666,0.4583333333333333,1.0,0.25905797101449274,24.0,1
0.4791666666666667,0.5208333333333334,0.4791666666666667,1.0,0.2548758865248227,48.0,1
0.48214285714285715,0.5178571428571429,0.48214285714285715,1.0,0.25422077922077924,56.0,1
18.136363636363637,0.18181818181818182,0.045454545454545456,0.22727272727272727,178.58562367864693,44.0,0
13.235294117647058,0.0,0.058823529411764705,0.058823529411764705,94.19117647058823,17.0,0
16.46875,0.0,0.0,0.0,58.966733870967744,32.0,0
18.75,0.038461538461538464,0.019230769230769232,0.057692307692307696,115.6029411764706,52.0,0
0.375,0.625,0.375,1.0,0.25,16.0,1
13.701754385964913,0.05263157894736842,0.03508771929824561,0.08771929824561403,85.35588972431077,57.0,0
14.347222222222221,0.041666666666666664,0.013888888888888888,0.05555555555555555,92.59604851330204,72.0,0
10.733333333333333,0.0761904761904762,0.12380952380952381,0.2,88.08205128205128,105.0,0
0.5,0.5,0.5,1.0,0.2857142857142857,8.0,1
14.23076923076923,0.038461538461538464,0.07692307692307693,0.11538461538461539,87.30461538461539,26.0,0
11.421686746987952,0.08433734939759036,0.0963855421686747,0.18072289156626506,98.02732882750514,83.0,0
12.425925925925926,0.06481481481481481,0.05555555555555555,0.12037037037037036,76.02249913464867,108.0,0
16.74074074074074,0.018518518518518517,0.037037037037037035,0.05555555555555555,144.2711390635919,54.0,0
16.29230769230769,0.03076923076923077,0.06153846153846154,0.09230769230769231,130.52259615384617,65.0,0
12.16842105263158,0.07368421052631578,0.09473684210526316,0.16842105263157894,100.90750279955208,95.0,0
11.808695652173913,0.12173913043478261,0.10434782608695652,0.22608695652173913,104.24378337147216,115.0,0
0.4642857142857143,0.5357142857142857,0.4642857142857143,1.0,0.2532467532467532,56.0,1
0.375,0.625,0.375,1.0,0.26785714285714285,8.0,1
10.7012987012987,0.06493506493506493,0.05194805194805195,0.11688311688311688,72.42276144907724,77.0,0
12.222222222222221,0.08547008547008547,0.042735042735042736,0.1282051282051282,82.98467432950191,117.0,0
13.30232558139535,0.08139534883720931,0.03488372093023256,0.11627906976744186,95.88399452804377,86.0,0
0.515625,0.484375,0.515625,1.0,0.2537202380952381,64.0,1
11.943548387096774,0.07258064516129033,0.08870967741935484,0.16129032258064516,108.05369787568843,124.0,0
0.625,0.375,0.625,1.0,0.26785714285714285,8.0,1
15.64,0.02,0.0,0.02,91.66367346938776,50.0,0
0.5,0.5,0.5,1.0,0.26666666666666666,16.0,1
0.421875,0.578125,0.421875,1.0,0.24776785714285715,64.0,1
13.96808510638298,0.0851063829787234,0.0425531914893617,0.1276595744680851,91.08499199267902,94.0,0
0.5416666666666666,0.4583333333333333,0.5416666666666666,1.0,0.25354609929078015,48.0,1
11.2,0.0,0.0,0.0,36.7,5.0,0
0.48214285714285715,0.5178571428571429,0.48214285714285715,1.0,0.25422077922077924,56.0,1
16.40625,0.0625,0.0625,0.125,145.19742063492063,64.0,0
0.40625,0.59375,0.40625,1.0,0.24899193548387097,32.0,1
17.453333333333333,0.04,0.02666666666666667,0.06666666666666667,134.49441441441442,75.0,0
12.313953488372093,0.13953488372093023,0.06976744186046512,0.20930232558139536,125.32380300957593,86.0,0
0.4,0.6,0.4,1.0,0.24615384615384617,40.0,1
0.4166666666666667,0.5833333333333334,0.4166666666666667,1.0,0.2536231884057971,24.0,1
0.46875,0.53125,0.46875,1.0,0.25705645161290325,32.0,1
16.703703703703702,0.037037037037037035,0.037037037037037035,0.07407407407407407,93.21652421652422,27.0,0
0.25,0.75,0.25,1.0,0.21428571428571427,8.0,1
25.666666666666668,0.047619047619047616,0.015873015873015872,0.06349206349206349,216.6451612903226,63.0,0
0.5625,0.4375,0.5625,1.0,0.25132978723404253,48.0,1
0.4375,0.5625,0.4375,1.0,0.25132978723404253,48.0,1
16.09433962264151,0.08490566037735849,0.0660377358490566,0.1509433962264151,164.27672955974842,106.0,0
8.702127659574469,0.0851063829787234,0.10638297872340426,0.19148936170212766,55.84580187600091,94.0,0
13.055555555555555,0.0,0.05555555555555555,0.05555555555555555,66.87908496732027,18.0,0
19.050847457627118,0.01694915254237288,0.01694915254237288,0.03389830508474576,125.53185271770894,59.0,0
11.36,0.06666666666666667,0.14,0.20666666666666667,106.64805369127517,150.0,0
19.2,0.07692307692307693,0.0,0.07692307692307693,134.975,65.0,0
18.333333333333332,0.05555555555555555,0.027777777777777776,0.08333333333333333,105.71428571428571,36.0,0
16.152173913043477,0.0,0.0,0.0,94.84299516908213,46.0,0
15.083333333333334,0.0,0.020833333333333332,0.020833333333333332,73.05673758865248,48.0,0
13.956043956043956,0.10989010989010989,0.03296703296703297,0.14285714285714285,97.13137973137974,91.0,0
15.387096774193548,0.06451612903225806,0.03225806451612903,0.0967741935483871,106.51182795698925,31.0,0
0.4642857142857143,0.5357142857142857,0.4642857142857143,1.0,0.2532467532467532,56.0,1
0.53125,0.46875,0.53125,1.0,0.25297619047619047,64.0,1
14.587301587301587,0.07936507936507936,0.015873015873015872,0.09523809523809523,119.05273937532002,63.0,0
10.835051546391753,0.09278350515463918,0.05154639175257732,0.14432989690721648,83.61834192439862,97.0,0
0.484375,0.515625,0.484375,1.0,0.2537202380952381,64.0,1
15.955882352941176,0.029411764705882353,0.014705882352941176,0.04411764705882353,123.62489025460931,68.0,0
12.686567164179104,0.029850746268656716,0.04477611940298507,0.07462686567164178,75.18815015829941,67.0,0
18.875,0.0,0.0,0.0,109.85576923076923,40.0,0
0.5416666666666666,0.4583333333333333,0.5416666666666666,1.0,0.25354609929078015,48.0,1
13.368421052631579,0.07894736842105263,0.0,0.07894736842105263,82.23897581792319,38.0,0
0.5,0.5,0.5,1.0,0.25806451612903225,32.0,1
0.48214285714285715,0.5178571428571429,0.48214285714285715,1.0,0.25422077922077924,56.0,1
16.613636363636363,0.06818181818181818,0.022727272727272728,0.09090909090909091,160.196088794926,44.0,0
9.084615384615384,0.08461538461538462,0.08461538461538462,0.16923076923076924,62.97728085867621,130.0,0
13.7625,0.075,0.0625,0.1375,113.09477848101265,80.0,0
11.135922330097088,0.11650485436893204,0.05825242718446602,0.17475728155339806,98.74604987626118,103.0,0
0.375,0.625,0.375,1.0,0.24456521739130435,24.0,1
9.281481481481482,0.17037037037037037,0.05185185185185185,0.2222222222222222,81.77092316196794,135.0,0
0.5,0.5,0.5,1.0,0.26666666666666666,16.0,1
17.566666666666666,0.03333333333333333,0.03333333333333333,0.06666666666666667,120.11609195402299,30.0,0
0.375,0.625,0.375,1.0,0.23863636363636365,56.0,1
0.5,0.5,0.5,1.0,0.26666666666666666,16.0,1
0.40625,0.59375,0.40625,1.0,0.24899193548387097,32.0,1
0.5208333333333334,0.4791666666666667,0.5208333333333334,1.0,0.2548758865248227,48.0,1
10.833333333333334,0.08333333333333333,0.0,0.08333333333333333,49.17142857142857,36.0,0
9.32967032967033,0.0989010989010989,0.10989010989010989,0.2087912087912088,70.13455433455434,91.0,0
12.106796116504855,0.08737864077669903,0.05825242718446602,0.14563106796116504,93.74338473253378,103.0,0
16.70909090909091,0.07272727272727272,0.0,0.07272727272727272,101.17306397306398,55.0,0
0.4375,0.5625,0.4375,1.0,0.2540322580645161,32.0,1
18.310344827586206,0.0,0.10344827586206896,0.10344827586206896,165.935960591133,29.0,0
0.5,0.5,0.5,1.0,0.26666666666666666,16.0,1
0.4791666666666667,0.5208333333333334,0.4791666666666667,1.0,0.2548758865248227,48.0,1
17.58823529411765,0.0,0.029411764705882353,0.029411764705882353,132.97682709447415,34.0,0
14.901639344262295,0.01639344262295082,0.03278688524590164,0.04918032786885246,142.82349726775956,61.0,0
0.4375,0.5625,0.4375,1.0,0.25,64.0,1
0.375,0.625,0.375,1.0,0.25,16.0,1
0.5,0.5,0.5,1.0,0.2608695652173913,24.0,1
16.894736842105264,0.0,0.0,0.0,105.21052631578948,19.0,0
19.634615384615383,0.038461538461538464,0.019230769230769232,0.057692307692307696,155.68740573152337,52.0,0
0.5,0.5,0.5,1.0,0.25806451612903225,32.0,1
0.546875,0.453125,0.546875,1.0,0.2517361111111111,64.0,1
21.666666666666668,0.044444444444444446,0.0,0.044444444444444446,166.77272727272728,45.0,0
0.5625,0.4375,0.5625,1.0,0.2540322580645161,32.0,1
0.3125,0.6875,0.3125,1.0,0.22916666666666666,16.0,1
0.40625,0.59375,0.40625,1.0,0.24899193548387097,32.0,1
16.662337662337663,0.11688311688311688,0.03896103896103896,0.15584415584415584,171.8844839371155,77.0,0
0.5,0.5,0.5,1.0,0.25806451612903225,32.0,1
15.333333333333334,0.0,0.0,0.0,93.47169811320755,54.0,0
17.08,0.04,0.0,0.04,123.91,25.0,0
0.4375,0.5625,0.4375,1.0,0.25132978723404253,48.0,1
0.375,0.625,0.375,1.0,0.26785714285714285,8.0,1
0.5208333333333334,0.4791666666666667,0.5208333333333334,1.0,0.2548758865248227,48.0,1
11.155555555555555,0.1111111111111111,0.06666666666666667,0.17777777777777778,88.9979797979798,45.0,0
0.4166666666666667,0.5833333333333334,0.4166666666666667,1.0,0.24822695035460993,48.0,1
14.571428571428571,0.03571428571428571,0.03571428571428571,0.07142857142857142,86.55026455026454,28.0,0
12.212962962962964,0.07407407407407407,0.05555555555555555,0.12962962962962962,80.20655936310142,108.0,0
0.75,0.25,0.75,1.0,0.21428571428571427,8.0,1
0.45,0.55,0.45,1.0,0.25384615384615383,40.0,1
0.40625,0.59375,0.40625,1.0,0.24899193548387097,32.0,1
19.65,0.05,0.016666666666666666,0.06666666666666667,140.2313559322034,60.0,0
0.4583333333333333,0.5416666666666666,0.4583333333333333,1.0,0.25354609929078015,48.0,1
0.3902439024390244,0.6097560975609756,0.3902439024390244,1.0,0.24390243902439024,41.0,1
0.453125,0.546875,0.453125,1.0,0.2517361111111111,64.0,1
13.933333333333334,0.013333333333333334,0.02666666666666667,0.04,89.65765765765765,75.0,0
0.5,0.5,0.5,1.0,0.25396825396825395,64.0,1
12.475609756097562,0.04878048780487805,0.10975609756097561,0.15853658536585366,107.19075579644685,82.0,0
19.90909090909091,0.0,0.0,0.0,69.7056277056277,22.0,0
16.925,0.0,0.025,0.025,108.01987179487179,40.0,0
0.44642857142857145,0.5535714285714286,0.44642857142857145,1.0,0.25162337662337664,56.0,1
11.559006211180124,0.09937888198757763,0.09937888198757763,0.19875776397515527,102.86055900621118,161.0,0
0.375,0.625,0.375,1.0,0.26785714285714285,8.0,1
0.4583333333333333,0.5416666666666666,0.4583333333333333,1.0,0.25905797101449274,24.0,1
13.813953488372093,0.0,0.023255813953488372,0.023255813953488372,85.01218161683278,43.0,0
12.174603174603174,0.047619047619047616,0.031746031746031744,0.07936507936507936,59.40450588837685,63.0,0
0.5,0.5,0.5,1.0,0.26666666666666666,16.0,1
0.425,0.575,0.425,1.0,0.25064102564102564,40.0,1
19.4375,0.015625,0.03125,0.046875,102.85317460317461,64.0,0
18.724137931034484,0.034482758620689655,0.034482758620689655,0.06896551724137931,133.5716878402904,58.0,0
19.098360655737704,0.0,0.01639344262295082,0.01639344262295082,121.69016393442622,61.0,0
0.5,0.5,0.5,1.0,0.2608695652173913,24.0,1
0.5,0.5,0.5,1.0,0.26666666666666666,16.0,1
0.5,0.5,0.5,1.0,0.2564102564102564,40.0,1
12.407894736842104,0.039473684210526314,0.05263157894736842,0.09210526315789473,75.60473684210527,76.0,0
0.5,0.5,0.5,1.0,0.25806451612903225,32.0,1
0.4,0.6,0.4,1.0,0.24615384615384617,40.0,1
15.453333333333333,0.09333333333333334,0.05333333333333334,0.14666666666666667,112.44036036036036,75.0,0
0.4583333333333333,0.5416666666666666,0.4583333333333333,1.0,0.25905797101449274,24.0,1
0.4166666666666667,0.5833333333333334,0.4166666666666667,1.0,0.24822695035460993,48.0,1
16.97872340425532,0.02127659574468085,0.0425531914893617,0.06382978723404255,87.54301572617946,47.0,0
9.46,0.07,0.11,0.18,51.44282828282828,100.0,0
17.264705882352942,0.0,0.0,0.0,70.74598930481284,34.0,0
13.658227848101266,0.05063291139240506,0.06329113924050633,0.11392405063291139,149.5098993833171,79.0,0
17.442857142857143,0.04285714285714286,0.05714285714285714,0.1,156.16335403726708,70.0,0
17.094594594594593,0.05405405405405406,0.06756756756756757,0.12162162162162163,142.60736764161422,74.0,0
15.684931506849315,0.0410958904109589,0.0273972602739726,0.0684931506849315,150.3299086757991,73.0,0
18.789473684210527,0.0,0.02631578947368421,0.02631578947368421,129.35988620199146,38.0,0
16.228070175438596,0.05263157894736842,0.017543859649122806,0.07017543859649122,138.00062656641603,57.0,0
15.583333333333334,0.03333333333333333,0.05,0.08333333333333333,142.2132768361582,60.0,0
0.5,0.5,0.5,1.0,0.2857142857142857,8.0,1
0.475,0.525,0.475,1.0,0.25576923076923075,40.0,1
17.53846153846154,0.0,0.0,0.0,62.26923076923077,13.0,0
14.962025316455696,0.11392405063291139,0.02531645569620253,0.13924050632911392,113.96007789678676,79.0,0
0.5,0.5,0.5,1.0,0.2608695652173913,24.0,1
12.61111111111111,0.1388888888888889,0.037037037037037035,0.17592592592592593,102.48286604361371,108.0,0
19.345454545454544,0.0,0.01818181818181818,0.01818181818181818,158.7858585858586,55.0,0
0.375,0.625,0.375,1.0,0.25,16.0,1
0.5,0.5,0.5,1.0,0.2608695652173913,24.0,1
13.460674157303371,0.10112359550561797,0.02247191011235955,0.12359550561797752,119.43309499489274,89.0,0
17.32075471698113,0.07547169811320754,0.018867924528301886,0.09433962264150944,113.14513788098694,53.0,0
0.375,0.625,0.375,1.0,0.25,16.0,1
0.5,0.5,0.5,1.0,0.2553191489361702,48.0,1
0.34375,0.65625,0.34375,1.0,0.23286290322580644,32.0,1
0.4375,0.5625,0.4375,1.0,0.25,64.0,1
0.5833333333333334,0.4166666666666667,0.5833333333333334,1.0,0.2536231884057971,24.0,1
0.5625,0.4375,0.5625,1.0,0.2625,16.0,1
16.46153846153846,0.0,0.0,0.0,93.13846153846154,26.0,0
12.242424242424242,0.15151515151515152,0.08080808080808081,0.23232323232323232,145.26716141001856,99.0,0
17.815384615384616,0.046153846153846156,0.0,0.046153846153846156,146.4028846153846,65.0,0
0.5,0.5,0.5,1.0,0.2553191489361702,48.0,1
14.3125,0.03125,0.046875,0.078125,89.64682539682539,64.0,0
0.5,0.5,0.5,1.0,0.2553191489361702,48.0,1
17.743589743589745,0.02564102564102564,0.02564102564102564,0.05128205128205128,132.03778677462887,39.0,0
0.5,0.5,0.5,1.0,0.25396825396825395,64.0,1
0.39285714285714285,0.6071428571428571,0.39285714285714285,1.0,0.24285714285714285,56.0,1
16.056603773584907,0.018867924528301886,0.07547169811320754,0.09433962264150944,136.74673439767778,53.0,0
18.77777777777778,0.05555555555555555,0.022222222222222223,0.07777777777777778,174.03995006242198,90.0,0
17.52,0.04,0.0,0.04,98.17666666666666,25.0,0
12.8989898989899,0.0707070707070707,0.10101010101010101,0.1717171717171717,140.6835703978561,99.0,0
0.5,0.5,0.5,1.0,0.2857142857142857,8.0,1
21.879310344827587,0.0,0.0,0.0,114.07289776164549,58.0,0
0.375,0.625,0.375,1.0,0.26785714285714285,8.0,1
0.25,0.75,0.25,1.0,0.21428571428571427,8.0,1
0.4375,0.5625,0.4375,1.0,0.25132978723404253,48.0,1
0.4375,0.5625,0.4375,1.0,0.25132978723404253,48.0,1
15.903846153846153,0.057692307692307696,0.019230769230769232,0.07692307692307693,105.10822021116138,52.0,0
15.795918367346939,0.02040816326530612,0.02040816326530612,0.04081632653061224,96.58248299319727,49.0,0
10.927083333333334,0.020833333333333332,0.10416666666666667,0.125,81.20515350877193,96.0,0
12.491803278688524,0.08196721311475409,0.03278688524590164,0.11475409836065574,84.75409836065573,61.0,0
0.45,0.55,0.45,1.0,0.25384615384615383,40.0,1
0.53125,0.46875,0.53125,1.0,0.25705645161290325,32.0,1
0.5,0.5,0.5,1.0,0.26666666666666666,16.0,1
19.015384615384615,0.06153846153846154,0.03076923076923077,0.09230769230769231,196.42163461538462,65.0,0
0.525,0.475,0.525,1.0,0.25576923076923075,40.0,1
18.46511627906977,0.023255813953488372,0.0,0.023255813953488372,121.92137320044297,43.0,0
12.855555555555556,0.1111111111111111,0.05555555555555555,0.16666666666666666,121.15867665418227,90.0,0
0.48214285714285715,0.5178571428571429,0.48214285714285715,1.0,0.25422077922077924,56.0,1
13.524590163934427,0.03278688524590164,0.01639344262295082,0.04918032786885246,73.8535519125683,61.0,0
16.102564102564102,0.05128205128205128,0.05128205128205128,0.10256410256410256,129.98920377867745,39.0,0
15.034090909090908,0.011363636363636364,0.03409090909090909,0.045454545454545456,114.516065830721,88.0,0
17.01219512195122,0.06097560975609756,0.08536585365853659,0.14634146341463414,164.5800963565191,82.0,0
17.105263157894736,0.07017543859649122,0.0,0.07017543859649122,148.77443609022558,57.0,0
18.227272727272727,0.06060606060606061,0.045454545454545456,0.10606060606060606,127.1937062937063,66.0,0
0.425,0.575,0.425,1.0,0.25064102564102564,40.0,1
0.5,0.5,0.5,1.0,0.2564102564102564,40.0,1
0.375,0.625,0.375,1.0,0.2393617021276596,48.0,1
13.452830188679245,0.018867924528301886,0.03773584905660377,0.05660377358490566,108.82946298984035,53.0,0
0.3125,0.6875,0.3125,1.0,0.22916666666666666,16.0,1
0.5,0.5,0.5,1.0,0.2564102564102564,40.0,1
11.733333333333333,0.03333333333333333,0.06666666666666667,0.1,68.75402298850575,30.0,0
17.728813559322035,0.0,0.0,0.0,104.61484511981297,59.0,0
0.4375,0.5625,0.4375,1.0,0.2625,16.0,1
12.23469387755102,0.11224489795918367,0.09183673469387756,0.20408163265306123,107.06806227645697,98.0,0
12.462686567164178,0.05970149253731343,0.05970149253731343,0.11940298507462686,94.23543934463024,134.0,0
0.5833333333333334,0.4166666666666667,0.5833333333333334,1.0,0.24822695035460993,48.0,1
19.633333333333333,0.0,0.0,0.0,88.72298850574713,30.0,0
0.625,0.375,0.625,1.0,0.26785714285714285,8.0,1
17.885245901639344,0.01639344262295082,0.01639344262295082,0.03278688524590164,132.40327868852458,61.0,0
16.133333333333333,0.022222222222222223,0.022222222222222223,0.044444444444444446,94.57272727272728,45.0,0
0.44642857142857145,0.5535714285714286,0.44642857142857145,1.0,0.25162337662337664,56.0,1
15.957142857142857,0.02857142857142857,0.02857142857142857,0.05714285714285714,121.25900621118012,70.0,0
12.61,0.08,0.07,0.15,77.9170707070707,100.0,0
0.375,0.625,0.375,1.0,0.25,16.0,1
13.671641791044776,0.07462686567164178,0.029850746268656716,0.1044776119402985,122.67842605156038,67.0,0
0.5,0.5,0.5,1.0,0.25806451612903225,32.0,1
0.5,0.5,0.5,1.0,0.2545454545454545,56.0,1
0.5,0.5,0.5,1.0,0.2553191489361702,48.0,1
15.976744186046512,0.046511627906976744,0.023255813953488372,0.06976744186046512,92.21373200442967,43.0,0
0.3125,0.6875,0.3125,1.0,0.22916666666666666,16.0,1
19.8,0.02,0.0,0.02,144.44897959183675,50.0,0
12.75,0.011904761904761904,0.03571428571428571,0.047619047619047616,70.31024096385542,84.0,0
17.10169491525424,0.05084745762711865,0.01694915254237288,0.06779661016949153,137.95499707773232,59.0,0
15.555555555555555,0.0,0.037037037037037035,0.037037037037037035,105.25641025641026,27.0,0
13.356164383561644,0.0547945205479452,0.0136986301369863,0.0684931506849315,83.81582952815829,73.0,0
0.42857142857142855,0.5714285714285714,0.42857142857142855,1.0,0.24935064935064935,56.0,1
14.385542168674698,0.04819277108433735,0.07228915662650602,0.12048192771084337,109.21539817807816,83.0,0
0.4375,0.5625,0.4375,1.0,0.25,64.0,1
0.53125,0.46875,0.53125,1.0,0.25297619047619047,64.0,1
13.526315789473685,0.02631578947368421,0.07894736842105263,0.10526315789473684,79.66145092460881,38.0,0
0.484375,0.515625,0.484375,1.0,0.2537202380952381,64.0,1
17.52,0.06,0.04,0.1,154.33632653061224,50.0,0
0.5178571428571429,0.48214285714285715,0.5178571428571429,1.0,0.25422077922077924,56.0,1
0.3541666666666667,0.6458333333333334,0.3541666666666667,1.0,0.23359929078014185,48.0,1
0.3125,0.6875,0.3125,1.0,0.22916666666666666,16.0,1
8.437956204379562,0.10218978102189781,0.0948905109489051,0.19708029197080293,78.77737226277372,137.0,0
0.4107142857142857,0.5892857142857143,0.4107142857142857,1.0,0.24642857142857144,56.0,1
12.24561403508772,0.06140350877192982,0.08771929824561403,0.14912280701754385,105.21347616829685,114.0,0
0.53125,0.46875,0.53125,1.0,0.25705645161290325,32.0,1
0.3125,0.6875,0.3125,1.0,0.22916666666666666,16.0,1
12.404761904761905,0.09523809523809523,0.03571428571428571,0.13095238095238096,105.52094090648308,84.0,0
0.5,0.5,0.5,1.0,0.26666666666666666,16.0,1
12.755555555555556,0.05185185185185185,0.05185185185185185,0.1037037037037037,79.43980099502488,135.0,0
11.903225806451612,0.03225806451612903,0.021505376344086023,0.053763440860215055,82.28401122019635,93.0,0
9.411764705882353,0.1092436974789916,0.058823529411764705,0.16806722689075632,86.05782652043868,119.0,0
0.475,0.525,0.475,1.0,0.25576923076923075,40.0,1
15.5,0.045454545454545456,0.022727272727272728,0.06818181818181818,137.2325581395349,44.0,0
0.421875,0.578125,0.421875,1.0,0.24776785714285715,64.0,1
11.40983606557377,0.04918032786885246,0.06557377049180328,0.11475409836065574,86.40915865058935,122.0,0
10.82857142857143,0.05714285714285714,0.02857142857142857,0.08571428571428572,66.26386554621848,35.0,0
12.16,0.04,0.08,0.12,117.22333333333333,25.0,0
0.46875,0.53125,0.46875,1.0,0.25705645161290325,32.0,1
0.5,0.5,0.5,1.0,0.2608695652173913,24.0,1
14.716216216216216,0.12162162162162163,0.04054054054054054,0.16216216216216217,124.48000740466495,74.0,0
10.304347826086957,0.07453416149068323,0.037267080745341616,0.11180124223602485,62.73804347826087,161.0,0
18.0,0.0,0.058823529411764705,0.058823529411764705,104.9090909090909,34.0,0
0.48214285714285715,0.5178571428571429,0.48214285714285715,1.0,0.25422077922077924,56.0,1
15.909090909090908,0.0,0.030303030303030304,0.030303030303030304,89.37622377622378,66.0,0
13.955882352941176,0.08823529411764706,0.058823529411764705,0.14705882352941177,123.05772607550483,68.0,0
16.047619047619047,0.0,0.047619047619047616,0.047619047619047616,84.64761904761905,21.0,0
0.5,0.5,0.5,1.0,0.26666666666666666,16.0,1
0.5625,0.4375,0.5625,1.0,0.2625,16.0,1
0.4375,0.5625,0.4375,1.0,0.2625,16.0,1
12.692307692307692,0.0,0.0,0.0,40.56410256410256,13.0,0
18.806451612903224,0.0,0.0,0.0,119.82795698924731,31.0,0
14.746835443037975,0.06329113924050633,0.05063291139240506,0.11392405063291139,131.14021421616357,79.0,0
0.453125,0.546875,0.453125,1.0,0.2517361111111111,64.0,1
0.4375,0.5625,0.4375,1.0,0.2540322580645161,32.0,1
0.4375,0.5625,0.4375,1.0,0.2540322580645161,32.0,1
11.294117647058824,0.07058823529411765,0.0,0.07058823529411765,65.25770308123249,85.0,0
0.5208333333333334,0.4791666666666667,0.5208333333333334,1.0,0.2548758865248227,48.0,1
13.49367088607595,0.05063291139240506,0.08860759493670886,0.13924050632911392,119.99675430055177,79.0,0
0.4375,0.5625,0.4375,1.0,0.2625,16.0,1
0.4375,0.5625,0.4375,1.0,0.25132978723404253,48.0,1
0.53125,0.46875,0.53125,1.0,0.25705645161290325,32.0,1
0.42857142857142855,0.5714285714285714,0.42857142857142855,1.0,0.24935064935064935,56.0,1
0.55,0.45,0.55,1.0,0.25384615384615383,40.0,1
11.350877192982455,0.03508771929824561,0.08771929824561403,0.12280701754385964,88.3890700201832,114.0,0
0.39285714285714285,0.6071428571428571,0.39285714285714285,1.0,0.24285714285714285,56.0,1
8.467153284671532,0.12408759124087591,0.058394160583941604,0.18248175182481752,51.69192786603693,137.0,0
14.909090909090908,0.06060606060606061,0.0,0.06060606060606061,71.77272727272727,33.0,0
12.517241379310345,0.05747126436781609,0.04597701149425287,0.10344827586206896,64.57818765036086,87.0,0
0.44642857142857145,0.5535714285714286,0.44642857142857145,1.0,0.25162337662337664,56.0,1
19.161290322580644,0.04838709677419355,0.0,0.04838709677419355,143.54732945531464,62.0,0
11.255813953488373,0.13953488372093023,0.023255813953488372,0.16279069767441862,78.21614227086184,86.0,0
14.044247787610619,0.05309734513274336,0.008849557522123894,0.061946902654867256,94.75695322376738,113.0,0
13.442477876106194,0.061946902654867256,0.10619469026548672,0.168141592920354,123.8560366624526,113.0,0
0.3125,0.6875,0.3125,1.0,0.22916666666666666,16.0,1
19.26,0.04,0.0,0.04,129.46163265306123,50.0,0
0.25,0.75,0.25,1.0,0.21428571428571427,8.0,1
0.4375,0.5625,0.4375,1.0,0.25132978723404253,48.0,1
0.375,0.625,0.375,1.0,0.26785714285714285,8.0,1
0.4375,0.5625,0.4375,1.0,0.2540322580645161,32.0,1
0.375,0.625,0.375,1.0,0.24456521739130435,24.0,1
0.375,0.625,0.375,1.0,0.25,16.0,1
0.59375,0.40625,0.59375,1.0,0.24899193548387097,32.0,1
10.422222222222222,0.044444444444444446,0.15555555555555556,0.2,73.2040404040404,45.0,0
0.4375,0.5625,0.4375,1.0,0.2625,16.0,1
17.2,0.05714285714285714,0.0,0.05714285714285714,78.34117647058824,35.0,0
0.5416666666666666,0.4583333333333333,0.5416666666666666,1.0,0.25905797101449274,24.0,1
20.17391304347826,0.06521739130434782,0.0,0.06521739130434782,157.7024154589372,46.0,0
12.234375,0.0,0.09375,0.09375,63.96006944444444,64.0,0
0.4375,0.5625,0.4375,1.0,0.2540322580645161,32.0,1
18.580645161290324,0.0,0.0,0.0,136.05161290322582,31.0,0
0.5833333333333334,0.4166666666666667,0.5833333333333334,1.0,0.2536231884057971,24.0,1
16.69047619047619,0.011904761904761904,0.011904761904761904,0.023809523809523808,81.58978772231784,84.0,0
0.484375,0.515625,0.484375,1.0,0.2537202380952381,64.0,1
16.442622950819672,0.0,0.03278688524590164,0.03278688524590164,114.78415300546447,61.0,0
0.46875,0.53125,0.46875,1.0,0.25705645161290325,32.0,1
11.84472049689441,0.08074534161490683,0.055900621118012424,0.13664596273291926,101.28198757763975,161.0,0
0.3392857142857143,0.6607142857142857,0.3392857142857143,1.0,0.22824675324675325,56.0,1
11.771186440677965,0.06779661016949153,0.059322033898305086,0.1271186440677966,111.5625814863103,118.0,0
0.375,0.625,0.375,1.0,0.23809523809523808,64.0,1
19.23076923076923,0.019230769230769232,0.019230769230769232,0.038461538461538464,126.65158371040724,52.0,0
0.46875,0.53125,0.46875,1.0,0.25297619047619047,64.0,1
0.5,0.5,0.5,1.0,0.26666666666666666,16.0,1
0.453125,0.546875,0.453125,1.0,0.2517361111111111,64.0,1
10.826086956521738,0.06521739130434782,0.06521739130434782,0.13043478260869565,63.57381748686097,92.0,0
0.4375,0.5625,0.4375,1.0,0.2540322580645161,32.0,1
0.5625,0.4375,0.5625,1.0,0.2625,16.0,1
0.625,0.375,0.625,1.0,0.25,16.0,1
14.566037735849056,0.03773584905660377,0.018867924528301886,0.05660377358490566,68.40420899854863,53.0,0
14.691358024691358,0.037037037037037035,0.024691358024691357,0.06172839506172839,87.04104938271605,81.0,0
0.5,0.5,0.5,1.0,0.26666666666666666,16.0,1
21.6,0.0,0.0,0.0,97.97272727272727,45.0,0
19.08695652173913,0.0,0.0,0.0,109.08300395256917,23.0,0
11.764705882352942,0.0,0.058823529411764705,0.058823529411764705,55.44117647058823,17.0,0
16.458823529411763,0.07058823529411765,0.011764705882352941,0.08235294117647059,158.03697478991597,85.0,0
16.517241379310345,0.0,0.034482758620689655,0.034482758620689655,86.25862068965517,29.0,0
18.679611650485437,0.04854368932038835,0.06796116504854369,0.11650485436893204,157.71007043594136,103.0,0
16.74418604651163,0.023255813953488372,0.046511627906976744,0.06976744186046512,105.09966777408638,43.0,0
0.4791666666666667,0.5208333333333334,0.4791666666666667,1.0,0.2548758865248227,48.0,1
0.42857142857142855,0.5714285714285714,0.42857142857142855,1.0,0.24935064935064935,56.0,1
0.4166666666666667,0.5833333333333334,0.4166666666666667,1.0,0.2536231884057971,24.0,1
14.823529411764707,0.08235294117647059,0.058823529411764705,0.1411764705882353,105.86134453781513,85.0,0
14.6,0.03333333333333333,0.0,0.03333333333333333,95.97241379310344,30.0,0
0.4583333333333333,0.5416666666666666,0.4583333333333333,1.0,0.25354609929078015,48.0,1
0.4642857142857143,0.5357142857142857,0.4642857142857143,1.0,0.2532467532467532,56.0,1
11.60909090909091,0.12727272727272726,0.08181818181818182,0.20909090909090908,99.43294412010009,110.0,0
11.567901234567902,0.14814814814814814,0.024691358024691357,0.1728395061728395,91.42345679012345,81.0,0
0.5,0.5,0.5,1.0,0.2608695652173913,24.0,1
0.5,0.5,0.5,1.0,0.2553191489361702,48.0,1
0.421875,0.578125,0.421875,1.0,0.24776785714285715,64.0,1
0.453125,0.546875,0.453125,1.0,0.2517361111111111,64.0,1
0.375,0.625,0.375,1.0,0.25,16.0,1
0.5625,0.4375,0.5625,1.0,0.2625,16.0,1
12.88888888888889,0.08333333333333333,0.05555555555555555,0.1388888888888889,97.41587301587302,36.0,0
12.19083969465649,0.12213740458015267,0.05343511450381679,0.17557251908396945,109.43253082795067,131.0,0
0.484375,0.515625,0.484375,1.0,0.2537202380952381,64.0,1
14.809090909090909,0.07272727272727272,0.01818181818181818,0.09090909090909091,109.1650542118432,110.0,0
0.5,0.5,0.5,1.0,0.2608695652173913,24.0,1
16.789473684210527,0.11842105263157894,0.0,0.11842105263157894,130.11508771929826,76.0,0
0.5,0.5,0.5,1.0,0.2857142857142857,8.0,1
0.4642857142857143,0.5357142857142857,0.4642857142857143,1.0,0.2532467532467532,56.0,1
0.453125,0.546875,0.453125,1.0,0.2517361111111111,64.0,1
0.5,0.5,0.5,1.0,0.2857142857142857,8.0,1
0.75,0.25,0.75,1.0,0.21428571428571427,8.0,1
11.411764705882353,0.0784313725490196,0.0784313725490196,0.1568627450980392,90.81887012230635,102.0,0
0.5625,0.4375,0.5625,1.0,0.2625,16.0,1
0.525,0.475,0.525,1.0,0.25576923076923075,40.0,1
11.76086956521739,0.021739130434782608,0.06521739130434782,0.08695652173913043,61.8304347826087,46.0,0
0.4642857142857143,0.5357142857142857,0.4642857142857143,1.0,0.2532467532467532,56.0,1
0.475,0.525,0.475,1.0,0.25576923076923075,40.0,1
0.5,0.5,0.5,1.0,0.2608695652173913,24.0,1
0.5,0.5,0.5,1.0,0.2545454545454545,56.0,1
0.3958333333333333,0.6041666666666666,0.3958333333333333,1.0,0.24423758865248227,48.0,1
0.44642857142857145,0.5535714285714286,0.44642857142857145,1.0,0.25162337662337664,56.0,1
10.55421686746988,0.060240963855421686,0.012048192771084338,0.07228915662650602,51.811049074346165,83.0,0
0.525,0.475,0.525,1.0,0.25576923076923075,40.0,1
14.320512820512821,0.01282051282051282,0.038461538461538464,0.05128205128205128,87.15567765567765,78.0,0
16.57894736842105,0.017543859649122806,0.017543859649122806,0.03508771929824561,88.14097744360902,57.0,0
0.4375,0.5625,0.4375,1.0,0.2625,16.0,1
18.985507246376812,0.043478260869565216,0.014492753623188406,0.057971014492753624,145.83802216538788,69.0,0
18.38888888888889,0.018518518518518517,0.037037037037037035,0.05555555555555555,162.99685534591194,54.0,0
13.768115942028986,0.028985507246376812,0.057971014492753624,0.08695652173913043,80.06308610400681,69.0,0
0.4375,0.5625,0.4375,1.0,0.2540322580645161,32.0,1
13.982758620689655,0.08620689655172414,0.017241379310344827,0.10344827586206896,102.78917120387175,58.0,0
0.44642857142857145,0.5535714285714286,0.44642857142857145,1.0,0.25162337662337664,56.0,1
0.5208333333333334,0.4791666666666667,0.5208333333333334,1.0,0.2548758865248227,48.0,1
0.46875,0.53125,0.46875,1.0,0.25297619047619047,64.0,1
0.55,0.45,0.55,1.0,0.25384615384615383,40.0,1
0.53125,0.46875,0.53125,1.0,0.25705645161290325,32.0,1
0.375,0.625,0.375,1.0,0.24456521739130435,24.0,1
0.5178571428571429,0.48214285714285715,0.5178571428571429,1.0,0.25422077922077924,56.0,1
0.45,0.55,0.45,1.0,0.25384615384615383,40.0,1
19.24561403508772,0.05263157894736842,0.05263157894736842,0.10526315789473684,149.72431077694236,57.0,0
0.5625,0.4375,0.5625,1.0,0.2540322580645161,32.0,1
16.182926829268293,0.012195121951219513,0.036585365853658534,0.04878048780487805,81.83032219211081,82.0,0
0.55,0.45,0.55,1.0,0.25384615384615383,40.0,1
0.625,0.375,0.625,1.0,0.26785714285714285,8.0,1
0.5,0.5,0.5,1.0,0.25806451612903225,32.0,1
17.26086956521739,0.0,0.043478260869565216,0.043478260869565216,138.29249011857706,23.0,0
13.875,0.07692307692307693,0.057692307692307696,0.1346153846153846,105.37257281553399,104.0,0
18.37142857142857,0.05714285714285714,0.0,0.05714285714285714,144.82857142857142,35.0,0
0.40625,0.59375,0.40625,1.0,0.24503968253968253,64.0,1
0.4375,0.5625,0.4375,1.0,0.2625,16.0,1
13.236842105263158,0.08771929824561403,0.043859649122807015,0.13157894736842105,119.50978108989287,114.0,0
16.818181818181817,0.0,0.0,0.0,31.363636363636363,11.0,0
0.453125,0.546875,0.453125,1.0,0.2517361111111111,64.0,1
0.40625,0.59375,0.40625,1.0,0.24899193548387097,32.0,1
0.44642857142857145,0.5535714285714286,0.44642857142857145,1.0,0.25162337662337664,56.0,1
12.256410256410257,0.05128205128205128,0.02564102564102564,0.07692307692307693,66.14304993252361,39.0,0
13.6,0.05,0.0,0.05,87.72631578947369,20.0,0
0.4,0.6,0.4,1.0,0.24615384615384617,40.0,1
10.825688073394495,0.06422018348623854,0.09174311926605505,0.1559633027522936,84.51563030920829,109.0,0
0.5,0.5,0.5,1.0,0.2545454545454545,56.0,1
8.078260869565218,0.13043478260869565,0.08695652173913043,0.21739130434782608,56.072768878718534,115.0,0
0.453125,0.546875,0.453125,1.0,0.2517361111111111,64.0,1
16.88235294117647,0.03529411764705882,0.0,0.03529411764705882,109.50980392156863,85.0,0
11.425925925925926,0.05555555555555555,0.018518518518518517,0.07407407407407407,52.173654786862336,54.0,0
10.5,0.1,0.05,0.15,86.2016806722689,120.0,0
12.35135135135135,0.02702702702702703,0.02702702702702703,0.05405405405405406,76.09403924472417,74.0,0
0.4583333333333333,0.5416666666666666,0.4583333333333333,1.0,0.25354609929078015,48.0,1
16.333333333333332,0.023809523809523808,0.047619047619047616,0.07142857142857142,104.22764227642277,42.0,0
0.4583333333333333,0.5416666666666666,0.4583333333333333,1.0,0.25905797101449274,24.0,1
0.4583333333333333,0.5416666666666666,0.4583333333333333,1.0,0.25354609929078015,48.0,1
14.705882352941176,0.0,0.0,0.0,80.59558823529412,17.0,0
15.808510638297872,0.1276595744680851,0.0,0.1276595744680851,131.50601295097132,47.0,0
0.5,0.5,0.5,1.0,0.2857142857142857,8.0,1
18.454545454545453,0.022727272727272728,0.0,0.022727272727272728,115.04439746300211,44.0,0
0.4375,0.5625,0.4375,1.0,0.2540322580645161,32.0,1
0.4375,0.5625,0.4375,1.0,0.2625,16.0,1
14.123456790123457,0.09876543209876543,0.08641975308641975,0.18518518518518517,135.20956790123458,81.0,0
0.4107142857142857,0.5892857142857143,0.4107142857142857,1.0,0.24642857142857144,56.0,1
13.658227848101266,0.06329113924050633,0.06329113924050633,0.12658227848101267,102.27913015254788,79.0,0
16.94736842105263,0.07894736842105263,0.03508771929824561,0.11403508771929824,142.7936655798789,114.0,0
12.5,0.021739130434782608,0.021739130434782608,0.043478260869565216,85.9,46.0,0
17.383333333333333,0.0,0.05,0.05,119.08785310734463,60.0,0
12.729411764705882,0.047058823529411764,0.047058823529411764,0.09411764705882353,81.89019607843137,85.0,0
0.53125,0.46875,0.53125,1.0,0.25705645161290325,32.0,1
0.46875,0.53125,0.46875,1.0,0.25297619047619047,64.0,1
0.525,0.475,0.525,1.0,0.25576923076923075,40.0,1
0.625,0.375,0.625,1.0,0.26785714285714285,8.0,1
16.833333333333332,0.016666666666666666,0.016666666666666666,0.03333333333333333,108.34463276836158,60.0,0
0.5,0.5,0.5,1.0,0.25806451612903225,32.0,1
0.45,0.55,0.45,1.0,0.25384615384615383,40.0,1
16.649350649350648,0.05194805194805195,0.025974025974025976,0.07792207792207792,144.75700615174298,77.0,0
0.46875,0.53125,0.46875,1.0,0.25705645161290325,32.0,1
17.09090909090909,0.015151515151515152,0.0,0.015151515151515152,122.05314685314686,66.0,0
